{"polyfill":["/polyfill-1d3730afb1285ff276e4.js"],"app":["/app-c949f0344e32e4c22c10.js"],"component---src-pages-404-js":["/component---src-pages-404-js-5f5c2cac33eca0a791f2.js"],"component---src-pages-blog-js":["/component---src-pages-blog-js-dd827afd77f4eee5f7b9.js"],"component---src-pages-blogs-use-font-awesome-in-gatsby-mdx":["/component---src-pages-blogs-use-font-awesome-in-gatsby-mdx-878130fe82d1c966ac93.js"],"component---src-pages-index-js":["/component---src-pages-index-js-af99b5ee036537de23d1.js"],"component---src-pages-projects-js":["/component---src-pages-projects-js-738593073f5dd6e89175.js"]}