{"polyfill":["/polyfill-1d3730afb1285ff276e4.js"],"app":["/app-4527769a6a02c99e0bcb.js"],"component---src-pages-blog-js":["/component---src-pages-blog-js-1b859d4fcbfa6b18c9bd.js"],"component---src-pages-blogs-add-blog-with-gatsby-mdx":["/component---src-pages-blogs-add-blog-with-gatsby-mdx-624ca05f0160b3c63b38.js"],"component---src-pages-blogs-update-react-to-gatsby-mdx":["/component---src-pages-blogs-update-react-to-gatsby-mdx-3649410f981921563d6e.js"],"component---src-pages-index-js":["/component---src-pages-index-js-a3f12b5f985538561ec6.js"],"component---src-pages-projects-js":["/component---src-pages-projects-js-2036dbffb60d5f5727b7.js"]}