{"name":"build-javascript","namedChunkGroups":{"polyfill":{"name":"polyfill","assets":[{"name":"webpack-runtime-abb59bc7190bda5ffa9a.js","size":4442},{"name":"polyfill-1d3730afb1285ff276e4.js","size":85832}],"filteredAssets":0,"assetsSize":90274,"filteredAuxiliaryAssets":2,"auxiliaryAssetsSize":225599},"app":{"name":"app","assets":[{"name":"webpack-runtime-abb59bc7190bda5ffa9a.js","size":4442},{"name":"framework-8b944a3c6eb51130423a.js","size":128691},{"name":"app-ededcc8f846a4f8553ff.js","size":51831}],"filteredAssets":0,"assetsSize":184964,"filteredAuxiliaryAssets":3,"auxiliaryAssetsSize":551624},"component---src-pages-blog-js":{"name":"component---src-pages-blog-js","assets":[{"name":"styles.e01faa77f7db8c083f3a.css","size":12868},{"name":"component---src-pages-blog-js-38e16f92a89f4707020b.js","size":1444}],"filteredAssets":0,"assetsSize":14312,"filteredAuxiliaryAssets":1,"auxiliaryAssetsSize":3579},"component---src-pages-index-js":{"name":"component---src-pages-index-js","assets":[{"name":"styles.e01faa77f7db8c083f3a.css","size":12868},{"name":"c169b6902947a77fec05096cb4da441bfcc3d6f1-fc869337ea6e563a2c43.js","size":21149},{"name":"component---src-pages-index-js-86461a0b1367be634845.js","size":98809}],"filteredAssets":0,"assetsSize":132826,"filteredAuxiliaryAssets":2,"auxiliaryAssetsSize":495650},"component---src-pages-projects-js":{"name":"component---src-pages-projects-js","assets":[{"name":"styles.e01faa77f7db8c083f3a.css","size":12868},{"name":"c169b6902947a77fec05096cb4da441bfcc3d6f1-fc869337ea6e563a2c43.js","size":21149},{"name":"component---src-pages-projects-js-2036dbffb60d5f5727b7.js","size":3585}],"filteredAssets":0,"assetsSize":37602,"filteredAuxiliaryAssets":4,"auxiliaryAssetsSize":143308}},"assetsByChunkName":{"polyfill":["webpack-runtime-abb59bc7190bda5ffa9a.js","polyfill-1d3730afb1285ff276e4.js"],"app":["webpack-runtime-abb59bc7190bda5ffa9a.js","framework-8b944a3c6eb51130423a.js","app-ededcc8f846a4f8553ff.js"],"component---src-pages-blog-js":["styles.e01faa77f7db8c083f3a.css","component---src-pages-blog-js-38e16f92a89f4707020b.js"],"component---src-pages-index-js":["styles.e01faa77f7db8c083f3a.css","c169b6902947a77fec05096cb4da441bfcc3d6f1-fc869337ea6e563a2c43.js","component---src-pages-index-js-86461a0b1367be634845.js"],"component---src-pages-projects-js":["styles.e01faa77f7db8c083f3a.css","c169b6902947a77fec05096cb4da441bfcc3d6f1-fc869337ea6e563a2c43.js","component---src-pages-projects-js-2036dbffb60d5f5727b7.js"]},"childAssetsByChunkName":{}}