{"name":"build-javascript","namedChunkGroups":{"polyfill":{"name":"polyfill","assets":[{"name":"webpack-runtime-b328dfb761777928ee87.js","size":5135},{"name":"polyfill-1d3730afb1285ff276e4.js","size":85832}],"filteredAssets":0,"assetsSize":90967,"filteredAuxiliaryAssets":2,"auxiliaryAssetsSize":227979},"app":{"name":"app","assets":[{"name":"webpack-runtime-b328dfb761777928ee87.js","size":5135},{"name":"framework-8b944a3c6eb51130423a.js","size":128691},{"name":"app-4527769a6a02c99e0bcb.js","size":61081}],"filteredAssets":0,"assetsSize":194907,"filteredAuxiliaryAssets":3,"auxiliaryAssetsSize":571123},"component---src-pages-blog-js":{"name":"component---src-pages-blog-js","assets":[{"name":"styles.738f651bc7886de082b5.css","size":13254},{"name":"component---src-pages-blog-js-1b859d4fcbfa6b18c9bd.js","size":2288}],"filteredAssets":0,"assetsSize":15542,"filteredAuxiliaryAssets":1,"auxiliaryAssetsSize":6495},"component---src-pages-blogs-add-blog-with-gatsby-mdx":{"name":"component---src-pages-blogs-add-blog-with-gatsby-mdx","assets":[{"name":"styles.738f651bc7886de082b5.css","size":13254},{"name":"component---src-pages-blogs-add-blog-with-gatsby-mdx-624ca05f0160b3c63b38.js","size":1916}],"filteredAssets":0,"assetsSize":15170,"filteredAuxiliaryAssets":1,"auxiliaryAssetsSize":5146},"component---src-pages-blogs-update-react-to-gatsby-mdx":{"name":"component---src-pages-blogs-update-react-to-gatsby-mdx","assets":[{"name":"styles.738f651bc7886de082b5.css","size":13254},{"name":"component---src-pages-blogs-update-react-to-gatsby-mdx-3649410f981921563d6e.js","size":2238}],"filteredAssets":0,"assetsSize":15492,"filteredAuxiliaryAssets":1,"auxiliaryAssetsSize":5616},"component---src-pages-index-js":{"name":"component---src-pages-index-js","assets":[{"name":"styles.738f651bc7886de082b5.css","size":13254},{"name":"c169b6902947a77fec05096cb4da441bfcc3d6f1-fc869337ea6e563a2c43.js","size":21149},{"name":"component---src-pages-index-js-a3f12b5f985538561ec6.js","size":98814}],"filteredAssets":0,"assetsSize":133217,"filteredAuxiliaryAssets":2,"auxiliaryAssetsSize":495169},"component---src-pages-projects-js":{"name":"component---src-pages-projects-js","assets":[{"name":"styles.738f651bc7886de082b5.css","size":13254},{"name":"c169b6902947a77fec05096cb4da441bfcc3d6f1-fc869337ea6e563a2c43.js","size":21149},{"name":"component---src-pages-projects-js-2036dbffb60d5f5727b7.js","size":3585}],"filteredAssets":0,"assetsSize":37988,"filteredAuxiliaryAssets":4,"auxiliaryAssetsSize":143308}},"assetsByChunkName":{"polyfill":["webpack-runtime-b328dfb761777928ee87.js","polyfill-1d3730afb1285ff276e4.js"],"app":["webpack-runtime-b328dfb761777928ee87.js","framework-8b944a3c6eb51130423a.js","app-4527769a6a02c99e0bcb.js"],"component---src-pages-blog-js":["styles.738f651bc7886de082b5.css","component---src-pages-blog-js-1b859d4fcbfa6b18c9bd.js"],"component---src-pages-blogs-add-blog-with-gatsby-mdx":["styles.738f651bc7886de082b5.css","component---src-pages-blogs-add-blog-with-gatsby-mdx-624ca05f0160b3c63b38.js"],"component---src-pages-blogs-update-react-to-gatsby-mdx":["styles.738f651bc7886de082b5.css","component---src-pages-blogs-update-react-to-gatsby-mdx-3649410f981921563d6e.js"],"component---src-pages-index-js":["styles.738f651bc7886de082b5.css","c169b6902947a77fec05096cb4da441bfcc3d6f1-fc869337ea6e563a2c43.js","component---src-pages-index-js-a3f12b5f985538561ec6.js"],"component---src-pages-projects-js":["styles.738f651bc7886de082b5.css","c169b6902947a77fec05096cb4da441bfcc3d6f1-fc869337ea6e563a2c43.js","component---src-pages-projects-js-2036dbffb60d5f5727b7.js"]},"childAssetsByChunkName":{}}