{"name":"build-javascript","namedChunkGroups":{"polyfill":{"name":"polyfill","assets":[{"name":"webpack-runtime-698e5f12714265262f6f.js","size":5115},{"name":"polyfill-1d3730afb1285ff276e4.js","size":85832}],"filteredAssets":0,"assetsSize":90947,"filteredAuxiliaryAssets":2,"auxiliaryAssetsSize":227959},"app":{"name":"app","assets":[{"name":"webpack-runtime-698e5f12714265262f6f.js","size":5115},{"name":"framework-8b944a3c6eb51130423a.js","size":128691},{"name":"app-c949f0344e32e4c22c10.js","size":101271}],"filteredAssets":0,"assetsSize":235077,"filteredAuxiliaryAssets":3,"auxiliaryAssetsSize":695991},"component---src-pages-404-js":{"name":"component---src-pages-404-js","assets":[{"name":"styles.113e18e15b202c19ba3a.css","size":14078},{"name":"component---src-pages-404-js-5f5c2cac33eca0a791f2.js","size":862}],"filteredAssets":0,"assetsSize":14940,"filteredAuxiliaryAssets":1,"auxiliaryAssetsSize":1931},"component---src-pages-blog-js":{"name":"component---src-pages-blog-js","assets":[{"name":"styles.113e18e15b202c19ba3a.css","size":14078},{"name":"component---src-pages-blog-js-dd827afd77f4eee5f7b9.js","size":2291}],"filteredAssets":0,"assetsSize":16369,"filteredAuxiliaryAssets":1,"auxiliaryAssetsSize":6619},"component---src-pages-blogs-use-font-awesome-in-gatsby-mdx":{"name":"component---src-pages-blogs-use-font-awesome-in-gatsby-mdx","assets":[{"name":"styles.113e18e15b202c19ba3a.css","size":14078},{"name":"component---src-pages-blogs-use-font-awesome-in-gatsby-mdx-878130fe82d1c966ac93.js","size":2075}],"filteredAssets":0,"assetsSize":16153,"filteredAuxiliaryAssets":1,"auxiliaryAssetsSize":5437},"component---src-pages-index-js":{"name":"component---src-pages-index-js","assets":[{"name":"styles.113e18e15b202c19ba3a.css","size":14078},{"name":"c169b6902947a77fec05096cb4da441bfcc3d6f1-a0dc713823b9a26a57a6.js","size":21298},{"name":"component---src-pages-index-js-af99b5ee036537de23d1.js","size":99457}],"filteredAssets":0,"assetsSize":134833,"filteredAuxiliaryAssets":3,"auxiliaryAssetsSize":575166},"component---src-pages-projects-js":{"name":"component---src-pages-projects-js","assets":[{"name":"styles.113e18e15b202c19ba3a.css","size":14078},{"name":"c169b6902947a77fec05096cb4da441bfcc3d6f1-a0dc713823b9a26a57a6.js","size":21298},{"name":"component---src-pages-projects-js-738593073f5dd6e89175.js","size":3939}],"filteredAssets":0,"assetsSize":39315,"filteredAuxiliaryAssets":6,"auxiliaryAssetsSize":312649}},"assetsByChunkName":{"polyfill":["webpack-runtime-698e5f12714265262f6f.js","polyfill-1d3730afb1285ff276e4.js"],"app":["webpack-runtime-698e5f12714265262f6f.js","framework-8b944a3c6eb51130423a.js","app-c949f0344e32e4c22c10.js"],"component---src-pages-404-js":["styles.113e18e15b202c19ba3a.css","component---src-pages-404-js-5f5c2cac33eca0a791f2.js"],"component---src-pages-blog-js":["styles.113e18e15b202c19ba3a.css","component---src-pages-blog-js-dd827afd77f4eee5f7b9.js"],"component---src-pages-blogs-use-font-awesome-in-gatsby-mdx":["styles.113e18e15b202c19ba3a.css","component---src-pages-blogs-use-font-awesome-in-gatsby-mdx-878130fe82d1c966ac93.js"],"component---src-pages-index-js":["styles.113e18e15b202c19ba3a.css","c169b6902947a77fec05096cb4da441bfcc3d6f1-a0dc713823b9a26a57a6.js","component---src-pages-index-js-af99b5ee036537de23d1.js"],"component---src-pages-projects-js":["styles.113e18e15b202c19ba3a.css","c169b6902947a77fec05096cb4da441bfcc3d6f1-a0dc713823b9a26a57a6.js","component---src-pages-projects-js-738593073f5dd6e89175.js"]},"childAssetsByChunkName":{}}